Pavs;PAE;EFF;G;Pout
-10;0.355;0.361;18.137;8.137
-9.9;0.363;0.369;18.138;8.238
-9.8;0.372;0.377;18.138;8.338
-9.7;0.38;0.386;18.139;8.439
-9.6;0.389;0.395;18.139;8.539
-9.5;0.398;0.404;18.14;8.64
-9.4;0.407;0.413;18.141;8.741
-9.3;0.416;0.423;18.141;8.841
-9.2;0.426;0.432;18.142;8.942
-9.1;0.436;0.442;18.142;9.042
-9;0.446;0.452;18.143;9.143
-8.9;0.456;0.463;18.144;9.244
-8.8;0.466;0.473;18.144;9.344
-8.7;0.477;0.484;18.145;9.445
-8.6;0.488;0.495;18.146;9.546
-8.5;0.499;0.507;18.146;9.646
-8.4;0.51;0.518;18.147;9.747
-8.3;0.522;0.53;18.148;9.848
-8.2;0.534;0.542;18.148;9.948
-8.1;0.546;0.555;18.149;10.049
-8;0.559;0.567;18.15;10.15
-7.9;0.571;0.58;18.15;10.25
-7.8;0.584;0.594;18.151;10.351
-7.7;0.598;0.607;18.152;10.452
-7.6;0.611;0.621;18.153;10.553
-7.5;0.625;0.635;18.153;10.653
-7.4;0.64;0.65;18.154;10.754
-7.3;0.654;0.664;18.155;10.855
-7.2;0.669;0.679;18.156;10.956
-7.1;0.684;0.695;18.156;11.056
-7;0.7;0.711;18.157;11.157
-6.9;0.716;0.727;18.158;11.258
-6.8;0.732;0.743;18.159;11.359
-6.7;0.748;0.76;18.159;11.459
-6.6;0.765;0.777;18.16;11.56
-6.5;0.783;0.795;18.161;11.661
-6.4;0.8;0.813;18.162;11.762
-6.3;0.818;0.831;18.162;11.862
-6.2;0.837;0.85;18.163;11.963
-6.1;0.856;0.869;18.164;12.064
-6;0.875;0.889;18.165;12.165
-5.9;0.895;0.909;18.166;12.266
-5.8;0.915;0.929;18.166;12.366
-5.7;0.935;0.95;18.167;12.467
-5.6;0.956;0.971;18.168;12.568
-5.5;0.978;0.993;18.169;12.669
-5.4;1;1.015;18.17;12.77
-5.3;1.022;1.038;18.17;12.87
-5.2;1.045;1.061;18.171;12.971
-5.1;1.068;1.085;18.172;13.072
-5;1.092;1.109;18.173;13.173
-4.9;1.116;1.134;18.173;13.273
-4.8;1.141;1.159;18.174;13.374
-4.7;1.166;1.185;18.175;13.475
-4.6;1.192;1.211;18.176;13.576
-4.5;1.219;1.238;18.176;13.676
-4.4;1.246;1.265;18.177;13.777
-4.3;1.273;1.293;18.178;13.878
-4.2;1.301;1.321;18.179;13.979
-4.1;1.33;1.351;18.179;14.079
-4;1.359;1.38;18.18;14.18
-3.9;1.389;1.411;18.181;14.281
-3.8;1.42;1.441;18.181;14.381
-3.7;1.451;1.473;18.182;14.482
-3.6;1.482;1.505;18.183;14.583
-3.5;1.515;1.538;18.183;14.683
-3.4;1.548;1.572;18.184;14.784
-3.3;1.581;1.606;18.184;14.884
-3.2;1.616;1.641;18.185;14.985
-3.1;1.651;1.676;18.185;15.085
-3;1.686;1.712;18.186;15.186
-2.9;1.723;1.749;18.186;15.286
-2.8;1.76;1.787;18.187;15.387
-2.7;1.798;1.825;18.187;15.487
-2.6;1.836;1.864;18.188;15.588
-2.5;1.875;1.904;18.188;15.688
-2.4;1.915;1.945;18.188;15.788
-2.3;1.956;1.986;18.189;15.889
-2.2;1.998;2.029;18.189;15.989
-2.1;2.04;2.072;18.189;16.089
-2;2.083;2.115;18.19;16.19
-1.9;2.127;2.16;18.19;16.29
-1.8;2.172;2.206;18.19;16.39
-1.7;2.218;2.252;18.19;16.49
-1.6;2.264;2.299;18.19;16.59
-1.5;2.311;2.347;18.19;16.69
-1.4;2.359;2.396;18.19;16.79
-1.3;2.408;2.446;18.19;16.89
-1.2;2.458;2.496;18.19;16.99
-1.1;2.509;2.548;18.19;17.09
-1;2.561;2.6;18.19;17.19
-0.9;2.613;2.654;18.189;17.289
-0.8;2.667;2.708;18.189;17.389
-0.7;2.721;2.763;18.189;17.489
-0.6;2.777;2.819;18.188;17.588
-0.5;2.833;2.876;18.188;17.688
-0.4;2.89;2.935;18.187;17.787
-0.3;2.948;2.994;18.187;17.887
-0.2;3.007;3.054;18.186;17.986
-0.1;3.067;3.115;18.186;18.086
-1.88E-14;3.129;3.177;18.185;18.185
0.1;3.191;3.24;18.184;18.284
0.2;3.254;3.304;18.183;18.383
0.3;3.318;3.369;18.182;18.482
0.4;3.383;3.435;18.181;18.581
0.5;3.449;3.502;18.18;18.68
0.6;3.516;3.57;18.179;18.779
0.7;3.584;3.64;18.178;18.878
0.8;3.654;3.71;18.177;18.977
0.9;3.724;3.781;18.176;19.076
1;3.795;3.854;18.174;19.174
1.1;3.868;3.927;18.173;19.273
1.2;3.941;4.002;18.171;19.371
1.3;4.015;4.078;18.17;19.47
1.4;4.091;4.154;18.168;19.568
1.5;4.168;4.232;18.166;19.666
1.6;4.245;4.311;18.165;19.765
1.7;4.324;4.391;18.163;19.863
1.8;4.404;4.472;18.161;19.961
1.9;4.485;4.554;18.159;20.059
2;4.567;4.638;18.157;20.157
2.1;4.65;4.722;18.155;20.255
2.2;4.734;4.808;18.152;20.352
2.3;4.82;4.894;18.15;20.45
2.4;4.906;4.982;18.148;20.548
2.5;4.993;5.071;18.145;20.645
2.6;5.082;5.161;18.143;20.743
2.7;5.172;5.252;18.14;20.84
2.8;5.263;5.345;18.137;20.937
2.9;5.354;5.438;18.135;21.035
3;5.447;5.533;18.132;21.132
3.1;5.542;5.628;18.129;21.229
3.2;5.637;5.725;18.126;21.326
3.3;5.733;5.823;18.123;21.423
3.4;5.831;5.922;18.12;21.52
3.5;5.929;6.022;18.116;21.616
3.6;6.029;6.123;18.113;21.713
3.7;6.129;6.226;18.11;21.81
3.8;6.231;6.329;18.106;21.906
3.9;6.334;6.434;18.103;22.003
4;6.438;6.539;18.099;22.099
4.1;6.543;6.646;18.095;22.195
4.2;6.649;6.754;18.091;22.291
4.3;6.757;6.863;18.088;22.388
4.4;6.865;6.974;18.084;22.484
4.5;6.975;7.085;18.08;22.58
4.6;7.085;7.197;18.076;22.676
4.7;7.197;7.311;18.071;22.771
4.8;7.31;7.426;18.067;22.867
4.9;7.424;7.541;18.063;22.963
5;7.539;7.658;18.059;23.059
5.1;7.655;7.776;18.054;23.154
5.2;7.772;7.896;18.05;23.25
5.3;7.89;8.016;18.045;23.345
5.4;8.009;8.137;18.04;23.44
5.5;8.13;8.26;18.036;23.536
5.6;8.251;8.383;18.031;23.631
5.7;8.374;8.508;18.026;23.726
5.8;8.498;8.634;18.021;23.821
5.9;8.623;8.761;18.016;23.916
6;8.749;8.889;18.011;24.011
6.1;8.876;9.018;18.006;24.106
6.2;9.004;9.149;18;24.2
6.3;9.133;9.28;17.995;24.295
6.4;9.264;9.413;17.99;24.39
6.5;9.395;9.547;17.985;24.485
6.6;9.528;9.682;17.979;24.579
6.7;9.662;9.818;17.974;24.674
6.8;9.797;9.956;17.968;24.768
6.9;9.933;10.094;17.962;24.862
7;10.07;10.234;17.957;24.957
7.1;10.208;10.375;17.951;25.051
7.2;10.348;10.517;17.945;25.145
7.3;10.489;10.66;17.939;25.239
7.4;10.631;10.805;17.933;25.333
7.5;10.774;10.95;17.927;25.427
7.6;10.918;11.097;17.921;25.521
7.7;11.064;11.246;17.915;25.615
7.8;11.211;11.395;17.909;25.709
7.9;11.359;11.546;17.903;25.803
8;11.508;11.698;17.896;25.896
8.1;11.658;11.851;17.89;25.99
8.2;11.81;12.006;17.884;26.084
8.3;11.963;12.162;17.877;26.177
8.4;12.118;12.319;17.871;26.271
8.5;12.273;12.477;17.864;26.364
8.6;12.43;12.637;17.857;26.457
8.7;12.589;12.798;17.851;26.551
8.8;12.748;12.961;17.844;26.644
8.9;12.909;13.125;17.837;26.737
9;13.071;13.291;17.83;26.83
9.1;13.235;13.457;17.823;26.923
9.2;13.4;13.626;17.816;27.016
9.3;13.567;13.795;17.809;27.109
9.4;13.735;13.966;17.802;27.202
9.5;13.904;14.139;17.795;27.295
9.6;14.075;14.313;17.788;27.388
9.7;14.247;14.489;17.78;27.48
9.8;14.421;14.666;17.773;27.573
9.9;14.596;14.844;17.766;27.666
10;14.773;15.025;17.758;27.758
10.1;14.951;15.206;17.751;27.851
10.2;15.131;15.389;17.743;27.943
10.3;15.312;15.574;17.735;28.035
10.4;15.495;15.761;17.728;28.128
10.5;15.679;15.949;17.72;28.22
10.6;15.865;16.139;17.712;28.312
10.7;16.053;16.33;17.704;28.404
10.8;16.242;16.523;17.696;28.496
10.9;16.433;16.717;17.688;28.588
11;16.625;16.914;17.68;28.68
11.1;16.819;17.112;17.671;28.771
11.2;17.015;17.312;17.663;28.863
11.3;17.212;17.513;17.654;28.954
11.4;17.411;17.716;17.646;29.046
11.5;17.612;17.921;17.637;29.137
11.6;17.815;18.128;17.629;29.229
11.7;18.019;18.336;17.62;29.32
11.8;18.225;18.546;17.611;29.411
11.9;18.432;18.758;17.602;29.502
12;18.642;18.972;17.593;29.593
12.1;18.853;19.188;17.584;29.684
12.2;19.066;19.405;17.575;29.775
12.3;19.281;19.624;17.565;29.865
12.4;19.497;19.846;17.556;29.956
12.5;19.715;20.069;17.546;30.046
12.6;19.936;20.293;17.537;30.137
12.7;20.157;20.52;17.527;30.227
12.8;20.381;20.749;17.517;30.317
12.9;20.607;20.979;17.507;30.407
13;20.834;21.212;17.497;30.497
13.1;21.063;21.446;17.487;30.587
13.2;21.294;21.682;17.477;30.677
13.3;21.527;21.92;17.466;30.766
13.4;21.762;22.16;17.456;30.856
13.5;21.999;22.402;17.445;30.945
13.6;22.238;22.646;17.435;31.035
13.7;22.478;22.892;17.424;31.124
13.8;22.72;23.14;17.413;31.213
13.9;22.965;23.39;17.402;31.302
14;23.211;23.642;17.391;31.391
14.1;23.459;23.896;17.379;31.479
14.2;23.709;24.152;17.368;31.568
14.3;23.961;24.409;17.356;31.656
14.4;24.215;24.669;17.345;31.745
14.5;24.47;24.931;17.333;31.833
14.6;24.728;25.195;17.321;31.921
14.7;24.988;25.461;17.309;32.009
14.8;25.249;25.729;17.297;32.097
14.9;25.513;25.999;17.285;32.185
15;25.778;26.271;17.272;32.272
15.1;26.046;26.545;17.26;32.36
15.2;26.315;26.821;17.247;32.447
15.3;26.587;27.099;17.234;32.534
15.4;26.86;27.379;17.221;32.621
15.5;27.136;27.662;17.208;32.708
15.6;27.413;27.946;17.195;32.795
15.7;27.693;28.233;17.182;32.882
15.8;27.974;28.521;17.169;32.969
15.9;28.258;28.812;17.155;33.055
16;28.543;29.105;17.141;33.141
16.1;28.831;29.4;17.128;33.228
16.2;29.12;29.698;17.114;33.314
16.3;29.412;29.997;17.1;33.4
16.4;29.706;30.299;17.086;33.486
16.5;30.002;30.602;17.071;33.571
16.6;30.3;30.908;17.057;33.657
16.7;30.6;31.217;17.043;33.743
16.8;30.902;31.527;17.028;33.828
16.9;31.207;31.84;17.014;33.914
17;31.514;32.155;16.999;33.999
17.1;31.822;32.473;16.984;34.084
17.2;32.134;32.793;16.969;34.169
17.3;32.447;33.115;16.954;34.254
17.4;32.763;33.439;16.939;34.339
17.5;33.081;33.766;16.924;34.424
17.6;33.401;34.096;16.908;34.508
17.7;33.724;34.428;16.893;34.593
17.8;34.049;34.763;16.877;34.677
17.9;34.377;35.1;16.862;34.762
18;34.707;35.44;16.846;34.846
18.1;35.04;35.782;16.831;34.931
18.2;35.375;36.127;16.815;35.015
18.3;35.713;36.475;16.799;35.099
18.4;36.053;36.826;16.783;35.183
18.5;36.397;37.179;16.767;35.267
18.6;36.743;37.536;16.752;35.352
18.7;37.092;37.895;16.736;35.436
18.8;37.444;38.258;16.72;35.52
18.9;37.799;38.624;16.704;35.604
19;38.156;38.992;16.688;35.688
19.1;38.517;39.364;16.672;35.772
19.2;38.881;39.74;16.656;35.856
19.3;39.249;40.119;16.64;35.94
19.4;39.62;40.501;16.624;36.024
19.5;39.994;40.887;16.608;36.108
19.6;40.371;41.276;16.592;36.192
19.7;40.752;41.669;16.576;36.276
19.8;41.137;42.066;16.56;36.36
19.9;41.525;42.467;16.544;36.444
20;41.918;42.871;16.528;36.528
20.1;42.314;43.28;16.513;36.613
20.2;42.714;43.693;16.497;36.697
20.3;43.118;44.11;16.481;36.781
20.4;43.527;44.531;16.466;36.866
20.5;43.939;44.957;16.45;36.95
20.6;44.356;45.388;16.435;37.035
20.7;44.778;45.823;16.42;37.12
20.8;45.203;46.262;16.404;37.204
20.9;45.634;46.707;16.389;37.289
21;46.069;47.156;16.373;37.373
21.1;46.509;47.611;16.358;37.458
21.2;46.954;48.07;16.342;37.542
21.3;47.404;48.535;16.325;37.625
21.4;47.858;49.005;16.308;37.708
21.5;48.318;49.481;16.29;37.79
21.6;48.783;49.962;16.271;37.871
21.7;49.253;50.449;16.25;37.95
21.8;49.728;50.942;16.227;38.027
21.9;50.209;51.442;16.203;38.103
22;50.695;51.947;16.178;38.178
22.1;51.187;52.46;16.15;38.25
22.2;51.684;52.978;16.122;38.322
22.3;52.187;53.503;16.092;38.392
22.4;52.694;54.032;16.061;38.461
22.5;53.204;54.566;16.028;38.528
22.6;53.716;55.102;15.995;38.595
22.7;54.227;55.638;15.96;38.66
22.8;54.735;56.171;15.923;38.723
22.9;55.235;56.697;15.885;38.785
23;55.723;57.213;15.845;38.845
23.1;56.196;57.713;15.802;38.902
23.2;56.649;58.195;15.756;38.956
23.3;57.079;58.655;15.708;39.008
23.4;57.486;59.092;15.657;39.057
23.5;57.868;59.506;15.602;39.102
23.6;58.225;59.896;15.545;39.145
23.7;58.561;60.265;15.486;39.186
23.8;58.875;60.613;15.424;39.224
23.9;59.168;60.942;15.36;39.26
24;59.443;61.253;15.293;39.293
24.1;59.698;61.546;15.225;39.325
24.2;59.934;61.82;15.156;39.356
24.3;60.151;62.077;15.084;39.384
24.4;60.349;62.315;15.011;39.411
24.5;60.528;62.535;14.936;39.436
24.6;60.687;62.736;14.86;39.46
24.7;60.828;62.921;14.782;39.482
24.8;60.952;63.089;14.703;39.503
24.9;61.06;63.241;14.622;39.522
25;61.151;63.379;14.54;39.54
25.1;61.228;63.504;14.457;39.557
25.2;61.291;63.616;14.373;39.573
25.3;61.341;63.715;14.288;39.588
25.4;61.379;63.803;14.202;39.602
25.5;61.404;63.88;14.116;39.616
25.6;61.416;63.945;14.028;39.628
25.7;61.413;63.996;13.941;39.641
25.8;61.389;64.026;13.852;39.652
25.9;61.328;64.019;13.764;39.664
26;61.206;63.95;13.675;39.675
26.1;61;63.794;13.586;39.686
26.2;60.703;63.544;13.496;39.696
26.3;60.332;63.217;13.407;39.707
26.4;59.915;62.843;13.316;39.716
26.5;59.472;62.444;13.225;39.725
26.6;59.016;62.031;13.133;39.733
26.7;58.55;61.609;13.041;39.741
26.8;58.077;61.181;12.948;39.748
26.9;57.601;60.75;12.854;39.754
27;57.124;60.319;12.76;39.76
27.1;56.649;59.891;12.664;39.764
27.2;56.175;59.466;12.569;39.769
27.3;55.701;59.043;12.472;39.772
27.4;55.227;58.62;12.374;39.774
27.5;54.751;58.197;12.275;39.775
27.6;54.272;57.773;12.175;39.775
27.7;53.789;57.347;12.074;39.774
27.8;53.305;56.921;11.971;39.771
27.9;52.82;56.495;11.868;39.768
28;52.334;56.069;11.764;39.764
